[
{"pk": 1, "model": "cms.placeholder", "fields": {"slot": "template_1_content", "default_width": null}},
{"pk": 2, "model": "cms.placeholder", "fields": {"slot": "template_2_content", "default_width": null}},
{"pk": 3, "model": "cms.placeholder", "fields": {"slot": "template_1_content", "default_width": null}},
{"pk": 4, "model": "cms.placeholder", "fields": {"slot": "base_content", "default_width": null}},
{"pk": 5, "model": "cms.placeholder", "fields": {"slot": "base_content", "default_width": null}},
{"pk": 6, "model": "cms.placeholder", "fields": {"slot": "super_template_content", "default_width": null}},
{"pk": 7, "model": "cms.placeholder", "fields": {"slot": "super_template_content", "default_width": null}},
{"pk": 8, "model": "cms.placeholder", "fields": {"slot": "super_template_content", "default_width": null}},
{"pk": 9, "model": "cms.placeholder", "fields": {"slot": "super_template_content", "default_width": null}},
{"pk": 10, "model": "cms.placeholder", "fields": {"slot": "super_template_content", "default_width": null}},
{"pk": 11, "model": "cms.placeholder", "fields": {"slot": "normal_template_content", "default_width": null}},
{"pk": 12, "model": "cms.placeholder", "fields": {"slot": "super_template_content", "default_width": null}},
{"pk": 13, "model": "cms.placeholder", "fields": {"slot": "super_template_content", "default_width": null}},
{"pk": 14, "model": "cms.placeholder", "fields": {"slot": "normal_template_content", "default_width": null}},
{"pk": 15, "model": "cms.placeholder", "fields": {"slot": "normal_template_content", "default_width": null}},
{"pk": 16, "model": "cms.placeholder", "fields": {"slot": "super_template_content", "default_width": null}},
{"pk": 17, "model": "cms.placeholder", "fields": {"slot": "normal_template_content", "default_width": null}},
{"pk": 18, "model": "cms.placeholder", "fields": {"slot": "normal_template_content", "default_width": null}},
{"pk": 19, "model": "cms.placeholder", "fields": {"slot": "normal_template_content", "default_width": null}},
{"pk": 20, "model": "cms.placeholder", "fields": {"slot": "normal_template_content", "default_width": null}},
{"pk": 21, "model": "cms.placeholder", "fields": {"slot": "normal_template_content", "default_width": null}},
{"pk": 22, "model": "cms.placeholder", "fields": {"slot": "normal_template_content", "default_width": null}},
{"pk": 23, "model": "cms.placeholder", "fields": {"slot": "column_one", "default_width": null}},
{"pk": 24, "model": "cms.placeholder", "fields": {"slot": "column_two", "default_width": null}},
{"pk": 25, "model": "cms.placeholder", "fields": {"slot": "column_three", "default_width": null}},
{"pk": 5, "model": "cms.cmsplugin", "fields": {"rght": 2, "changed_date": "2012-12-15 14:56:57", "parent": null, "language": "fr", "level": 0, "creation_date": "2012-12-15 14:53:15", "lft": 1, "tree_id": 5, "position": 0, "placeholder": 7, "plugin_type": "TextPlugin"}},
{"pk": 6, "model": "cms.cmsplugin", "fields": {"rght": 2, "changed_date": "2012-12-15 21:53:03", "parent": null, "language": "en", "level": 0, "creation_date": "2012-12-15 21:52:53", "lft": 1, "tree_id": 6, "position": 0, "placeholder": 7, "plugin_type": "TextPlugin"}},
{"pk": 7, "model": "cms.cmsplugin", "fields": {"rght": 2, "changed_date": "2012-12-15 23:15:06", "parent": null, "language": "en", "level": 0, "creation_date": "2012-12-15 23:14:56", "lft": 1, "tree_id": 7, "position": 0, "placeholder": 11, "plugin_type": "TextPlugin"}},
{"pk": 8, "model": "cms.cmsplugin", "fields": {"rght": 2, "changed_date": "2012-12-16 00:13:24", "parent": null, "language": "en", "level": 0, "creation_date": "2012-12-16 00:13:24", "lft": 1, "tree_id": 8, "position": 0, "placeholder": 14, "plugin_type": "SnippetPlugin"}},
{"pk": 9, "model": "cms.cmsplugin", "fields": {"rght": 2, "changed_date": "2012-12-16 14:43:32", "parent": null, "language": "en", "level": 0, "creation_date": "2012-12-16 14:42:52", "lft": 1, "tree_id": 9, "position": 0, "placeholder": 23, "plugin_type": "SnippetPlugin"}},
{"pk": 10, "model": "cms.cmsplugin", "fields": {"rght": 2, "changed_date": "2012-12-16 14:44:25", "parent": null, "language": "en", "level": 0, "creation_date": "2012-12-16 14:43:56", "lft": 1, "tree_id": 10, "position": 0, "placeholder": 24, "plugin_type": "SnippetPlugin"}},
{"pk": 11, "model": "cms.cmsplugin", "fields": {"rght": 2, "changed_date": "2012-12-16 14:45:00", "parent": null, "language": "en", "level": 0, "creation_date": "2012-12-16 14:44:34", "lft": 1, "tree_id": 11, "position": 0, "placeholder": 25, "plugin_type": "SnippetPlugin"}},
{"pk": 12, "model": "cms.cmsplugin", "fields": {"rght": 2, "changed_date": "2012-12-16 14:55:53", "parent": null, "language": "es", "level": 0, "creation_date": "2012-12-16 14:42:52", "lft": 1, "tree_id": 12, "position": 0, "placeholder": 23, "plugin_type": "SnippetPlugin"}},
{"pk": 13, "model": "cms.cmsplugin", "fields": {"rght": 2, "changed_date": "2012-12-16 14:55:56", "parent": null, "language": "es", "level": 0, "creation_date": "2012-12-16 14:43:56", "lft": 1, "tree_id": 13, "position": 0, "placeholder": 24, "plugin_type": "SnippetPlugin"}},
{"pk": 14, "model": "cms.cmsplugin", "fields": {"rght": 2, "changed_date": "2012-12-16 14:56:01", "parent": null, "language": "es", "level": 0, "creation_date": "2012-12-16 14:44:34", "lft": 1, "tree_id": 14, "position": 0, "placeholder": 25, "plugin_type": "SnippetPlugin"}},
{"pk": 15, "model": "cms.cmsplugin", "fields": {"rght": 2, "changed_date": "2013-01-11 15:18:15", "parent": null, "language": "en", "level": 0, "creation_date": "2013-01-11 15:18:10", "lft": 1, "tree_id": 15, "position": 1, "placeholder": 11, "plugin_type": "SnippetPlugin"}},
{"pk": 1, "model": "cms.page", "fields": {"rght": 22, "navigation_extenders": "", "site": 1, "creation_date": "2012-12-15 12:26:11", "lft": 1, "in_navigation": true, "reverse_id": null, "login_required": false, "created_by": "admin", "publication_end_date": null, "moderator_state": 0, "template": "front.html", "tree_id": 1, "placeholders": [1, 5, 6, 23, 24, 25], "changed_date": "2012-12-16 14:56:04", "limit_visibility_in_menu": null, "parent": null, "publisher_state": 1, "soft_root": false, "publication_date": "2012-12-15 12:30:02", "publisher_public": null, "level": 0, "changed_by": "admin", "publisher_is_draft": true, "published": true}},
{"pk": 2, "model": "cms.page", "fields": {"rght": 9, "navigation_extenders": "", "site": 1, "creation_date": "2012-12-15 12:27:02", "lft": 2, "in_navigation": true, "reverse_id": null, "login_required": false, "created_by": "admin", "publication_end_date": null, "moderator_state": 0, "template": "normal.html", "tree_id": 1, "placeholders": [2, 3, 4, 7, 11], "changed_date": "2012-12-16 00:11:53", "limit_visibility_in_menu": null, "parent": 1, "publisher_state": 1, "soft_root": false, "publication_date": "2012-12-15 12:27:52", "publisher_public": null, "level": 1, "changed_by": "admin", "publisher_is_draft": true, "published": true}},
{"pk": 3, "model": "cms.page", "fields": {"rght": 4, "navigation_extenders": "", "site": 1, "creation_date": "2012-12-15 22:17:16", "lft": 3, "in_navigation": true, "reverse_id": null, "login_required": false, "created_by": "admin", "publication_end_date": null, "moderator_state": 0, "template": "INHERIT", "tree_id": 1, "placeholders": [8, 22], "changed_date": "2012-12-15 22:19:07", "limit_visibility_in_menu": null, "parent": 2, "publisher_state": 1, "soft_root": false, "publication_date": "2012-12-15 22:17:23", "publisher_public": null, "level": 2, "changed_by": "admin", "publisher_is_draft": true, "published": true}},
{"pk": 4, "model": "cms.page", "fields": {"rght": 6, "navigation_extenders": "", "site": 1, "creation_date": "2012-12-15 22:17:26", "lft": 5, "in_navigation": true, "reverse_id": null, "login_required": false, "created_by": "admin", "publication_end_date": null, "moderator_state": 0, "template": "INHERIT", "tree_id": 1, "placeholders": [9], "changed_date": "2012-12-15 22:18:47", "limit_visibility_in_menu": null, "parent": 2, "publisher_state": 1, "soft_root": false, "publication_date": "2012-12-15 22:17:23", "publisher_public": null, "level": 2, "changed_by": "admin", "publisher_is_draft": true, "published": true}},
{"pk": 5, "model": "cms.page", "fields": {"rght": 8, "navigation_extenders": "", "site": 1, "creation_date": "2012-12-15 22:18:35", "lft": 7, "in_navigation": true, "reverse_id": null, "login_required": false, "created_by": "admin", "publication_end_date": null, "moderator_state": 0, "template": "INHERIT", "tree_id": 1, "placeholders": [10, 21], "changed_date": "2012-12-15 23:28:57", "limit_visibility_in_menu": null, "parent": 2, "publisher_state": 1, "soft_root": false, "publication_date": "2012-12-15 23:19:55", "publisher_public": null, "level": 2, "changed_by": "admin", "publisher_is_draft": true, "published": true}},
{"pk": 7, "model": "cms.page", "fields": {"rght": 11, "navigation_extenders": "", "site": 1, "creation_date": "2012-12-15 23:17:29", "lft": 10, "in_navigation": true, "reverse_id": null, "login_required": false, "created_by": "admin", "publication_end_date": null, "moderator_state": 0, "template": "normal.html", "tree_id": 1, "placeholders": [13, 15], "changed_date": "2012-12-16 00:12:21", "limit_visibility_in_menu": null, "parent": 1, "publisher_state": 1, "soft_root": false, "publication_date": "2012-12-15 23:28:56", "publisher_public": null, "level": 1, "changed_by": "admin", "publisher_is_draft": true, "published": true}},
{"pk": 8, "model": "cms.page", "fields": {"rght": 13, "navigation_extenders": "", "site": 1, "creation_date": "2012-12-15 23:18:14", "lft": 12, "in_navigation": true, "reverse_id": null, "login_required": false, "created_by": "admin", "publication_end_date": null, "moderator_state": 0, "template": "normal.html", "tree_id": 1, "placeholders": [16, 17], "changed_date": "2012-12-16 00:12:30", "limit_visibility_in_menu": null, "parent": 1, "publisher_state": 1, "soft_root": false, "publication_date": "2012-12-15 23:19:55", "publisher_public": null, "level": 1, "changed_by": "admin", "publisher_is_draft": true, "published": true}},
{"pk": 9, "model": "cms.page", "fields": {"rght": 15, "navigation_extenders": "", "site": 1, "creation_date": "2012-12-15 23:18:45", "lft": 14, "in_navigation": true, "reverse_id": null, "login_required": false, "created_by": "admin", "publication_end_date": null, "moderator_state": 0, "template": "normal.html", "tree_id": 1, "placeholders": [18], "changed_date": "2012-12-16 00:12:39", "limit_visibility_in_menu": null, "parent": 1, "publisher_state": 1, "soft_root": false, "publication_date": "2012-12-15 23:19:54", "publisher_public": null, "level": 1, "changed_by": "admin", "publisher_is_draft": true, "published": true}},
{"pk": 10, "model": "cms.page", "fields": {"rght": 17, "navigation_extenders": "", "site": 1, "creation_date": "2012-12-15 23:18:58", "lft": 16, "in_navigation": true, "reverse_id": null, "login_required": false, "created_by": "admin", "publication_end_date": null, "moderator_state": 0, "template": "normal.html", "tree_id": 1, "placeholders": [19], "changed_date": "2012-12-16 00:12:57", "limit_visibility_in_menu": null, "parent": 1, "publisher_state": 1, "soft_root": false, "publication_date": "2012-12-15 23:19:54", "publisher_public": null, "level": 1, "changed_by": "admin", "publisher_is_draft": true, "published": true}},
{"pk": 11, "model": "cms.page", "fields": {"rght": 19, "navigation_extenders": "", "site": 1, "creation_date": "2012-12-15 23:19:14", "lft": 18, "in_navigation": true, "reverse_id": null, "login_required": false, "created_by": "admin", "publication_end_date": null, "moderator_state": 0, "template": "normal.html", "tree_id": 1, "placeholders": [20], "changed_date": "2012-12-16 00:13:07", "limit_visibility_in_menu": null, "parent": 1, "publisher_state": 1, "soft_root": false, "publication_date": "2012-12-15 23:19:53", "publisher_public": null, "level": 1, "changed_by": "admin", "publisher_is_draft": true, "published": true}},
{"pk": 6, "model": "cms.page", "fields": {"rght": 21, "navigation_extenders": "", "site": 1, "creation_date": "2012-12-15 23:16:52", "lft": 20, "in_navigation": true, "reverse_id": null, "login_required": false, "created_by": "admin", "publication_end_date": null, "moderator_state": 0, "template": "normal.html", "tree_id": 1, "placeholders": [12, 14], "changed_date": "2012-12-16 00:13:16", "limit_visibility_in_menu": null, "parent": 1, "publisher_state": 1, "soft_root": false, "publication_date": "2012-12-15 23:19:53", "publisher_public": null, "level": 1, "changed_by": "admin", "publisher_is_draft": true, "published": true}},
{"pk": 1, "model": "cms.pagemoderatorstate", "fields": {"action": "CHA", "message": "Page was copied.", "created": "2012-12-15 22:17:26", "page": 4, "user": 1}},
{"pk": 1, "model": "cms.title", "fields": {"menu_title": "", "redirect": "", "meta_keywords": "", "page_title": "", "language": "en", "title": "Home", "has_url_overwrite": false, "application_urls": "", "creation_date": "2012-12-15 12:26:11", "page": 1, "path": "", "meta_description": "", "slug": "demos"}},
{"pk": 2, "model": "cms.title", "fields": {"menu_title": "", "redirect": "", "meta_keywords": "", "page_title": "", "language": "en", "title": "About", "has_url_overwrite": false, "application_urls": "", "creation_date": "2012-12-15 12:27:02", "page": 2, "path": "about", "meta_description": "", "slug": "about"}},
{"pk": 3, "model": "cms.title", "fields": {"menu_title": "", "redirect": null, "meta_keywords": "", "page_title": "", "language": "fr", "title": "French Test Two", "has_url_overwrite": false, "application_urls": null, "creation_date": "2012-12-15 14:56:28", "page": 2, "path": "two", "meta_description": "", "slug": "two"}},
{"pk": 4, "model": "cms.title", "fields": {"menu_title": "", "redirect": "", "meta_keywords": "", "page_title": "", "language": "en", "title": "Overview", "has_url_overwrite": false, "application_urls": "", "creation_date": "2012-12-15 22:17:16", "page": 3, "path": "about/overview", "meta_description": "", "slug": "overview"}},
{"pk": 5, "model": "cms.title", "fields": {"menu_title": "", "redirect": "", "meta_keywords": "", "page_title": "", "language": "en", "title": "Features", "has_url_overwrite": false, "application_urls": "", "creation_date": "2012-12-15 22:17:16", "page": 4, "path": "about/features", "meta_description": "", "slug": "features"}},
{"pk": 6, "model": "cms.title", "fields": {"menu_title": null, "redirect": null, "meta_keywords": null, "page_title": null, "language": "en", "title": "Screenshots", "has_url_overwrite": false, "application_urls": null, "creation_date": "2012-12-15 22:18:35", "page": 5, "path": "about/screenshots", "meta_description": null, "slug": "screenshots"}},
{"pk": 7, "model": "cms.title", "fields": {"menu_title": "", "redirect": "", "meta_keywords": "", "page_title": "", "language": "en", "title": "Donate", "has_url_overwrite": false, "application_urls": "", "creation_date": "2012-12-15 23:16:52", "page": 6, "path": "donate", "meta_description": "", "slug": "donate"}},
{"pk": 8, "model": "cms.title", "fields": {"menu_title": "", "redirect": "", "meta_keywords": "", "page_title": "", "language": "en", "title": "Download", "has_url_overwrite": false, "application_urls": "", "creation_date": "2012-12-15 23:17:29", "page": 7, "path": "download", "meta_description": "", "slug": "download"}},
{"pk": 9, "model": "cms.title", "fields": {"menu_title": "", "redirect": "", "meta_keywords": "", "page_title": "", "language": "en", "title": "Learn", "has_url_overwrite": false, "application_urls": "", "creation_date": "2012-12-15 23:18:14", "page": 8, "path": "learn", "meta_description": "", "slug": "learn"}},
{"pk": 10, "model": "cms.title", "fields": {"menu_title": "", "redirect": "", "meta_keywords": "", "page_title": "", "language": "en", "title": "Community", "has_url_overwrite": false, "application_urls": "", "creation_date": "2012-12-15 23:18:45", "page": 9, "path": "community", "meta_description": "", "slug": "community"}},
{"pk": 11, "model": "cms.title", "fields": {"menu_title": "", "redirect": "", "meta_keywords": "", "page_title": "", "language": "en", "title": "Developers", "has_url_overwrite": false, "application_urls": "", "creation_date": "2012-12-15 23:18:58", "page": 10, "path": "developers", "meta_description": "", "slug": "developers"}},
{"pk": 12, "model": "cms.title", "fields": {"menu_title": "", "redirect": "", "meta_keywords": "", "page_title": "", "language": "en", "title": "News", "has_url_overwrite": false, "application_urls": "", "creation_date": "2012-12-15 23:19:14", "page": 11, "path": "news", "meta_description": "", "slug": "news"}},
{"pk": 13, "model": "cms.title", "fields": {"menu_title": "", "redirect": null, "meta_keywords": "", "page_title": "", "language": "fr", "title": "Homo", "has_url_overwrite": false, "application_urls": null, "creation_date": "2012-12-16 14:50:12", "page": 1, "path": "", "meta_description": "", "slug": "homo"}},
{"pk": 14, "model": "cms.title", "fields": {"menu_title": "", "redirect": null, "meta_keywords": "", "page_title": "", "language": "de", "title": "Hoome", "has_url_overwrite": false, "application_urls": null, "creation_date": "2012-12-16 14:55:02", "page": 1, "path": "", "meta_description": "", "slug": "hoome"}},
{"pk": 15, "model": "cms.title", "fields": {"menu_title": "", "redirect": null, "meta_keywords": "", "page_title": "", "language": "it", "title": "Homeo", "has_url_overwrite": false, "application_urls": null, "creation_date": "2012-12-16 14:55:34", "page": 1, "path": "", "meta_description": "", "slug": "homeo"}},
{"pk": 16, "model": "cms.title", "fields": {"menu_title": "", "redirect": null, "meta_keywords": "", "page_title": "", "language": "es", "title": "Demos", "has_url_overwrite": false, "application_urls": null, "creation_date": "2012-12-16 14:56:04", "page": 1, "path": "", "meta_description": "", "slug": "demos"}},
{"pk": 1, "model": "menus.cachekey", "fields": {"key": "cms-menu_nodes_en_1_1_user", "site": 1, "language": "en"}},
{"pk": 2, "model": "menus.cachekey", "fields": {"key": "cms-menu_nodes_de_1_1_user", "site": 1, "language": "de"}},
{"pk": 3, "model": "menus.cachekey", "fields": {"key": "cms-menu_nodes_es_1_1_user", "site": 1, "language": "es"}},
{"pk": 4, "model": "menus.cachekey", "fields": {"key": "cms-menu_nodes_en_1", "site": 1, "language": "en"}},
{"pk": 5, "model": "text.text", "fields": {"body": "<p>This is test contents for the test 2 (Frnehc)</p>"}},
{"pk": 6, "model": "text.text", "fields": {"body": "<p>Foo bar car tar</p>"}},
{"pk": 7, "model": "text.text", "fields": {"body": "<h1><br>About</h1>"}},
{"pk": 6, "model": "snippet.snippet", "fields": {"html": "            <h1><a href=\"/developers/\">Developers</a></h1>\r\n            <h2>Join our thriving community</h2>\r\n            <p>We can always use help from more people. If you can write code, you may be able to <a href=\"\">help with development</a>; if you can't, there are still lots of things we can use help with:</p>\r\n            <ul>\r\n                <li><a href=\"\">request a feature</a> you'd like</li>\r\n                <li>if you find bugs, <a href=\"\">report them</a></li>\r\n                <li>improve <a href=\"\">documentation</a></li>\r\n            </ul>\r\n            <p>For more information, take a look at our <a href=\"/developers/\">developers</a> section.</p>", "name": "Dev Column", "template": ""}},
{"pk": 4, "model": "snippet.snippet", "fields": {"html": "template", "name": "Donate", "template": "donate.html"}},
{"pk": 7, "model": "snippet.snippet", "fields": {"html": "            <h1><a href=\"/news\">Recent News</a></h1>\r\n            <div class=\"article\">\r\n                <h2><a href=\"/news/inkscape-0.48-essentials-for-web-designers\">Inkscape 0.48 Essentials for Web Designers</a></h2>\r\n                <p class=\"postdate\">November 10, 2010</p>\r\n                <p>Packt Publishing have just released a new book on Inkscape by Bethany Hiitola called \"Inkscape 0.48 Essentials for Web Designers\". Surprisingly this book is the first to cover features of our August release and definitely first to focus exclusively on web design.</p>\r\n                <p class=\"readmore\"><a href=\"/news/inkscape-0.48-essentials-for-web-designers\">Read more...</a></p>\r\n            </div>\r\n            <div class=\"article\">\r\n                <h2><a href=\"/news/0.48.1-is-delayed\">0.48.1 is delayed</a></h2>\r\n                <p class=\"postdate\">November 5, 2010</p>\r\n                <p>As you probably have already noticed, release of the first planned point release is delayed. The reason behind this is that we discovered a number of regressions over 0.47 and a number of bugs in new functionality, so we had to take some extra time fixing them.</p>\r\n                <p class=\"readmore\"><a href=\"/news/0.48.1-is-delayed\">Read more...</a></p>\r\n            </div>\r\n", "name": "News Column", "template": ""}},
{"pk": 5, "model": "snippet.snippet", "fields": {"html": "            <h1><a href=\"/about/\">Users</a></h1>\r\n            <h2>A powerful, free design tool</h2>\r\n            <p>Whether you are an illustrator, designer, web designer or just someone who needs to create some vector imagery, Inkscape is for you!</p>\r\n            <ul class=\"ticks\">\r\n                <li>flexible <a href=\"\">drawing tools</a></li>\r\n                <li>large file format compatibility</li>\r\n                <li>powerful <a href=\"\">text tool</a></li>\r\n                <li><a href=\"\">bezier</a> and <a href=\"\">spiro</a> curves</li>\r\n            </ul>\r\n            <p>Want to find out more about how Inkscape can help you? Look at a full set of <a href=\"/about/features/\">features</a> or <a href=\"/download/\">try it out</a>!</p>", "name": "User Column", "template": ""}},
{"pk": 9, "model": "snippet.snippetptr", "fields": {"snippet": 5}},
{"pk": 10, "model": "snippet.snippetptr", "fields": {"snippet": 6}},
{"pk": 11, "model": "snippet.snippetptr", "fields": {"snippet": 7}},
{"pk": 12, "model": "snippet.snippetptr", "fields": {"snippet": 5}},
{"pk": 13, "model": "snippet.snippetptr", "fields": {"snippet": 6}},
{"pk": 14, "model": "snippet.snippetptr", "fields": {"snippet": 7}},
{"pk": 15, "model": "snippet.snippetptr", "fields": {"snippet": 7}},
{"pk": 19, "model": "auth.permission", "fields": {"codename": "add_logentry", "name": "Can add log entry", "content_type": 7}},
{"pk": 20, "model": "auth.permission", "fields": {"codename": "change_logentry", "name": "Can change log entry", "content_type": 7}},
{"pk": 21, "model": "auth.permission", "fields": {"codename": "delete_logentry", "name": "Can delete log entry", "content_type": 7}},
{"pk": 4, "model": "auth.permission", "fields": {"codename": "add_group", "name": "Can add group", "content_type": 2}},
{"pk": 5, "model": "auth.permission", "fields": {"codename": "change_group", "name": "Can change group", "content_type": 2}},
{"pk": 6, "model": "auth.permission", "fields": {"codename": "delete_group", "name": "Can delete group", "content_type": 2}},
{"pk": 10, "model": "auth.permission", "fields": {"codename": "add_message", "name": "Can add message", "content_type": 4}},
{"pk": 11, "model": "auth.permission", "fields": {"codename": "change_message", "name": "Can change message", "content_type": 4}},
{"pk": 12, "model": "auth.permission", "fields": {"codename": "delete_message", "name": "Can delete message", "content_type": 4}},
{"pk": 1, "model": "auth.permission", "fields": {"codename": "add_permission", "name": "Can add permission", "content_type": 1}},
{"pk": 2, "model": "auth.permission", "fields": {"codename": "change_permission", "name": "Can change permission", "content_type": 1}},
{"pk": 3, "model": "auth.permission", "fields": {"codename": "delete_permission", "name": "Can delete permission", "content_type": 1}},
{"pk": 7, "model": "auth.permission", "fields": {"codename": "add_user", "name": "Can add user", "content_type": 3}},
{"pk": 8, "model": "auth.permission", "fields": {"codename": "change_user", "name": "Can change user", "content_type": 3}},
{"pk": 9, "model": "auth.permission", "fields": {"codename": "delete_user", "name": "Can delete user", "content_type": 3}},
{"pk": 25, "model": "auth.permission", "fields": {"codename": "add_cmsplugin", "name": "Can add cms plugin", "content_type": 9}},
{"pk": 26, "model": "auth.permission", "fields": {"codename": "change_cmsplugin", "name": "Can change cms plugin", "content_type": 9}},
{"pk": 27, "model": "auth.permission", "fields": {"codename": "delete_cmsplugin", "name": "Can delete cms plugin", "content_type": 9}},
{"pk": 38, "model": "auth.permission", "fields": {"codename": "add_globalpagepermission", "name": "Can add Page global permission", "content_type": 13}},
{"pk": 39, "model": "auth.permission", "fields": {"codename": "change_globalpagepermission", "name": "Can change Page global permission", "content_type": 13}},
{"pk": 40, "model": "auth.permission", "fields": {"codename": "delete_globalpagepermission", "name": "Can delete Page global permission", "content_type": 13}},
{"pk": 28, "model": "auth.permission", "fields": {"codename": "add_page", "name": "Can add page", "content_type": 10}},
{"pk": 29, "model": "auth.permission", "fields": {"codename": "change_page", "name": "Can change page", "content_type": 10}},
{"pk": 30, "model": "auth.permission", "fields": {"codename": "delete_page", "name": "Can delete page", "content_type": 10}},
{"pk": 31, "model": "auth.permission", "fields": {"codename": "view_page", "name": "Can view page", "content_type": 10}},
{"pk": 32, "model": "auth.permission", "fields": {"codename": "add_pagemoderator", "name": "Can add PageModerator", "content_type": 11}},
{"pk": 33, "model": "auth.permission", "fields": {"codename": "change_pagemoderator", "name": "Can change PageModerator", "content_type": 11}},
{"pk": 34, "model": "auth.permission", "fields": {"codename": "delete_pagemoderator", "name": "Can delete PageModerator", "content_type": 11}},
{"pk": 35, "model": "auth.permission", "fields": {"codename": "add_pagemoderatorstate", "name": "Can add Page moderator state", "content_type": 12}},
{"pk": 36, "model": "auth.permission", "fields": {"codename": "change_pagemoderatorstate", "name": "Can change Page moderator state", "content_type": 12}},
{"pk": 37, "model": "auth.permission", "fields": {"codename": "delete_pagemoderatorstate", "name": "Can delete Page moderator state", "content_type": 12}},
{"pk": 41, "model": "auth.permission", "fields": {"codename": "add_pagepermission", "name": "Can add Page permission", "content_type": 14}},
{"pk": 42, "model": "auth.permission", "fields": {"codename": "change_pagepermission", "name": "Can change Page permission", "content_type": 14}},
{"pk": 43, "model": "auth.permission", "fields": {"codename": "delete_pagepermission", "name": "Can delete Page permission", "content_type": 14}},
{"pk": 44, "model": "auth.permission", "fields": {"codename": "add_pageuser", "name": "Can add User (page)", "content_type": 15}},
{"pk": 45, "model": "auth.permission", "fields": {"codename": "change_pageuser", "name": "Can change User (page)", "content_type": 15}},
{"pk": 46, "model": "auth.permission", "fields": {"codename": "delete_pageuser", "name": "Can delete User (page)", "content_type": 15}},
{"pk": 47, "model": "auth.permission", "fields": {"codename": "add_pageusergroup", "name": "Can add User group (page)", "content_type": 16}},
{"pk": 48, "model": "auth.permission", "fields": {"codename": "change_pageusergroup", "name": "Can change User group (page)", "content_type": 16}},
{"pk": 49, "model": "auth.permission", "fields": {"codename": "delete_pageusergroup", "name": "Can delete User group (page)", "content_type": 16}},
{"pk": 22, "model": "auth.permission", "fields": {"codename": "add_placeholder", "name": "Can add placeholder", "content_type": 8}},
{"pk": 23, "model": "auth.permission", "fields": {"codename": "change_placeholder", "name": "Can change placeholder", "content_type": 8}},
{"pk": 24, "model": "auth.permission", "fields": {"codename": "delete_placeholder", "name": "Can delete placeholder", "content_type": 8}},
{"pk": 50, "model": "auth.permission", "fields": {"codename": "add_title", "name": "Can add title", "content_type": 17}},
{"pk": 51, "model": "auth.permission", "fields": {"codename": "change_title", "name": "Can change title", "content_type": 17}},
{"pk": 52, "model": "auth.permission", "fields": {"codename": "delete_title", "name": "Can delete title", "content_type": 17}},
{"pk": 13, "model": "auth.permission", "fields": {"codename": "add_contenttype", "name": "Can add content type", "content_type": 5}},
{"pk": 14, "model": "auth.permission", "fields": {"codename": "change_contenttype", "name": "Can change content type", "content_type": 5}},
{"pk": 15, "model": "auth.permission", "fields": {"codename": "delete_contenttype", "name": "Can delete content type", "content_type": 5}},
{"pk": 59, "model": "auth.permission", "fields": {"codename": "add_file", "name": "Can add file", "content_type": 20}},
{"pk": 60, "model": "auth.permission", "fields": {"codename": "change_file", "name": "Can change file", "content_type": 20}},
{"pk": 61, "model": "auth.permission", "fields": {"codename": "delete_file", "name": "Can delete file", "content_type": 20}},
{"pk": 53, "model": "auth.permission", "fields": {"codename": "add_cachekey", "name": "Can add cache key", "content_type": 18}},
{"pk": 54, "model": "auth.permission", "fields": {"codename": "change_cachekey", "name": "Can change cache key", "content_type": 18}},
{"pk": 55, "model": "auth.permission", "fields": {"codename": "delete_cachekey", "name": "Can delete cache key", "content_type": 18}},
{"pk": 62, "model": "auth.permission", "fields": {"codename": "add_picture", "name": "Can add picture", "content_type": 21}},
{"pk": 63, "model": "auth.permission", "fields": {"codename": "change_picture", "name": "Can change picture", "content_type": 21}},
{"pk": 64, "model": "auth.permission", "fields": {"codename": "delete_picture", "name": "Can delete picture", "content_type": 21}},
{"pk": 16, "model": "auth.permission", "fields": {"codename": "add_session", "name": "Can add session", "content_type": 6}},
{"pk": 17, "model": "auth.permission", "fields": {"codename": "change_session", "name": "Can change session", "content_type": 6}},
{"pk": 18, "model": "auth.permission", "fields": {"codename": "delete_session", "name": "Can delete session", "content_type": 6}},
{"pk": 80, "model": "auth.permission", "fields": {"codename": "add_site", "name": "Can add site", "content_type": 27}},
{"pk": 81, "model": "auth.permission", "fields": {"codename": "change_site", "name": "Can change site", "content_type": 27}},
{"pk": 82, "model": "auth.permission", "fields": {"codename": "delete_site", "name": "Can delete site", "content_type": 27}},
{"pk": 65, "model": "auth.permission", "fields": {"codename": "add_snippet", "name": "Can add Snippet", "content_type": 22}},
{"pk": 66, "model": "auth.permission", "fields": {"codename": "change_snippet", "name": "Can change Snippet", "content_type": 22}},
{"pk": 67, "model": "auth.permission", "fields": {"codename": "delete_snippet", "name": "Can delete Snippet", "content_type": 22}},
{"pk": 68, "model": "auth.permission", "fields": {"codename": "add_snippetptr", "name": "Can add Snippet", "content_type": 23}},
{"pk": 69, "model": "auth.permission", "fields": {"codename": "change_snippetptr", "name": "Can change Snippet", "content_type": 23}},
{"pk": 70, "model": "auth.permission", "fields": {"codename": "delete_snippetptr", "name": "Can delete Snippet", "content_type": 23}},
{"pk": 92, "model": "auth.permission", "fields": {"codename": "add_association", "name": "Can add association", "content_type": 31}},
{"pk": 93, "model": "auth.permission", "fields": {"codename": "change_association", "name": "Can change association", "content_type": 31}},
{"pk": 94, "model": "auth.permission", "fields": {"codename": "delete_association", "name": "Can delete association", "content_type": 31}},
{"pk": 89, "model": "auth.permission", "fields": {"codename": "add_nonce", "name": "Can add nonce", "content_type": 30}},
{"pk": 90, "model": "auth.permission", "fields": {"codename": "change_nonce", "name": "Can change nonce", "content_type": 30}},
{"pk": 91, "model": "auth.permission", "fields": {"codename": "delete_nonce", "name": "Can delete nonce", "content_type": 30}},
{"pk": 86, "model": "auth.permission", "fields": {"codename": "add_usersocialauth", "name": "Can add user social auth", "content_type": 29}},
{"pk": 87, "model": "auth.permission", "fields": {"codename": "change_usersocialauth", "name": "Can change user social auth", "content_type": 29}},
{"pk": 88, "model": "auth.permission", "fields": {"codename": "delete_usersocialauth", "name": "Can delete user social auth", "content_type": 29}},
{"pk": 56, "model": "auth.permission", "fields": {"codename": "add_migrationhistory", "name": "Can add migration history", "content_type": 19}},
{"pk": 57, "model": "auth.permission", "fields": {"codename": "change_migrationhistory", "name": "Can change migration history", "content_type": 19}},
{"pk": 58, "model": "auth.permission", "fields": {"codename": "delete_migrationhistory", "name": "Can delete migration history", "content_type": 19}},
{"pk": 83, "model": "auth.permission", "fields": {"codename": "add_text", "name": "Can add text", "content_type": 28}},
{"pk": 84, "model": "auth.permission", "fields": {"codename": "change_text", "name": "Can change text", "content_type": 28}},
{"pk": 85, "model": "auth.permission", "fields": {"codename": "delete_text", "name": "Can delete text", "content_type": 28}},
{"pk": 74, "model": "auth.permission", "fields": {"codename": "add_twitterrecententries", "name": "Can add twitter recent entries", "content_type": 25}},
{"pk": 75, "model": "auth.permission", "fields": {"codename": "change_twitterrecententries", "name": "Can change twitter recent entries", "content_type": 25}},
{"pk": 76, "model": "auth.permission", "fields": {"codename": "delete_twitterrecententries", "name": "Can delete twitter recent entries", "content_type": 25}},
{"pk": 77, "model": "auth.permission", "fields": {"codename": "add_twittersearch", "name": "Can add twitter search", "content_type": 26}},
{"pk": 78, "model": "auth.permission", "fields": {"codename": "change_twittersearch", "name": "Can change twitter search", "content_type": 26}},
{"pk": 79, "model": "auth.permission", "fields": {"codename": "delete_twittersearch", "name": "Can delete twitter search", "content_type": 26}},
{"pk": 71, "model": "auth.permission", "fields": {"codename": "add_video", "name": "Can add video", "content_type": 24}},
{"pk": 72, "model": "auth.permission", "fields": {"codename": "change_video", "name": "Can change video", "content_type": 24}},
{"pk": 73, "model": "auth.permission", "fields": {"codename": "delete_video", "name": "Can delete video", "content_type": 24}},
{"pk": 1, "model": "auth.user", "fields": {"username": "admin", "first_name": "", "last_name": "", "is_active": true, "is_superuser": true, "is_staff": true, "last_login": "2013-01-11 15:16:48", "groups": [], "user_permissions": [], "password": "sha1$b4215$6d8fc5578b982344a10e0ce91c2177d49651a554", "email": "doctormo@gmail.com", "date_joined": "2012-12-15 12:19:13"}},
{"pk": 2, "model": "auth.user", "fields": {"username": "MartinOwens", "first_name": "Martin", "last_name": "Owens", "is_active": true, "is_superuser": false, "is_staff": false, "last_login": "2012-12-16 01:43:41", "groups": [], "user_permissions": [], "password": "!", "email": "doctormo@gmail.com", "date_joined": "2012-12-16 01:13:38"}},
{"pk": 3, "model": "auth.user", "fields": {"username": "UbuntuProgrammer", "first_name": "Ubuntu", "last_name": "Programmer", "is_active": true, "is_superuser": false, "is_staff": false, "last_login": "2012-12-16 01:44:15", "groups": [], "user_permissions": [], "password": "!", "email": "ubuntuprogrammer@yahoo.com", "date_joined": "2012-12-16 01:44:14"}}]
